ID_DEPARTAMENTO,DEPARTAMENTO,ID_MUNICIPIO,MUNICIPIO,Latitud,Longitud,LOCALIDAD,Solar_radiation_promedio,Wind_promedio,consumo_energia_promedio,tipo_cultivo,Desecho_Ton_promedio,Solar_norm,Wind_norm,Desecho_norm,Indice_Solar,Indice_Eolico,Indice_Biomasa,Energia_Prioritaria
0,CAUCA,19809,TIMBIQUÍ,2.702,-77.495,CHACÓN (TIMBIQUÍ - CAUCA),15190.25,1.10833334922791,4366.0,BANANO,26.98142916815621,0.7725829589080341,0.2528517219877571,0.027753745140948173,3373.0971985924766,1103.9506181985475,121.17285128537972,Solar
5,ANTIOQUIA,5873,VIGIA DEL FUERTE,6.456,-76.699,LA PLAYA MURRI  (VIGÍA DEL FUERTE - ANTIOQUIA),17067.9921875,0.7583333253860473,8547.38,PALMA DE ACEITE,223.7033000588417,0.8680857725737205,0.1730038054869852,0.23010657954136893,7419.858970781167,1478.7292669433475,1966.8083758403059,Solar
5,ANTIOQUIA,5873,VIGIA DEL FUERTE,6.456,-76.699,LOMA MURRI (VIGÍA DEL FUERTE - ANTIOQUIA),17067.9921875,0.7583333253860473,9954.88,PALMA DE ACEITE,223.7033000588417,0.8680857725737205,0.1730038054869852,0.23010657954136893,8641.689695678679,1722.2321231662793,2290.6833865447825,Solar
5,ANTIOQUIA,5873,VIGIA DEL FUERTE,6.456,-76.699,SAN ANTONIO DE PADUA (VIGÍA DEL FUERTE - ANTIOQUIA),17067.9921875,0.7583333253860473,6290.07,PALMA DE ACEITE,223.7033000588417,0.8680857725737205,0.1730038054869852,0.23010657954136893,5460.3202754927825,1088.206046779521,1447.3864927757784,Solar
5,ANTIOQUIA,5873,VIGIA DEL FUERTE,6.456,-76.699,VEGAEZ (VIGÍA DEL FUERTE - ANTIOQUIA),17067.9921875,0.7583333253860473,4986.33,PALMA DE ACEITE,223.7033000588417,0.8680857725737205,0.1730038054869852,0.23010657954136893,4328.56213035752,862.6540654139189,1147.3873407645142,Solar
5,ANTIOQUIA,5873,VIGIA DEL FUERTE,6.456,-76.699,VIGÍA DEL FUERTE (VIGÍA DEL FUERTE - ANTIOQUIA),17067.9921875,0.7583333253860473,124249.57,PALMA DE ACEITE,223.7033000588417,0.8680857725737205,0.1730038054869852,0.23010657954136893,107859.28396540257,21495.648440121553,28590.643562185887,Solar
13,BOLÍVAR,13001,CARTAGENA DE INDIAS,10.446,-75.467,ISLA FUERTE (CARTAGENA - BOLIVAR),19383.68359375,3.5833332538604727,79594.5,PALMA DE ACEITE,173.5878700017929,0.9858628808213485,0.8174904998805547,0.17855664626081866,78469.26306753483,65067.74759274281,14212.12698080673,Solar
13,BOLÍVAR,13001,CARTAGENA DE INDIAS,10.446,-75.467,ISLA FUERTE (CARTAGENA DE INDIAS - BOLÍVAR),19383.68359375,3.583333253860473,53001.87,PALMA DE ACEITE,173.5878700017929,0.9858628808213485,0.8174904998805548,0.17855664626081866,52252.57624711861,43328.52520090418,9463.836152751897,Solar
13,BOLÍVAR,13001,CARTAGENA DE INDIAS,10.446,-75.467,ISLA MUCURA (CARTAGENA - BOLIVAR),19383.68359375,3.583333253860473,9628.75,PALMA DE ACEITE,173.5878700017929,0.9858628808213485,0.8174904998805548,0.17855664626081866,9492.62721370856,7871.411650724892,1719.2773076838575,Solar
13,BOLÍVAR,13001,CARTAGENA DE INDIAS,10.446,-75.467,ISLA MUCURA (CARTAGENA DE INDIAS - BOLÍVAR),19383.68359375,3.583333253860473,8811.04,PALMA DE ACEITE,173.5878700017929,0.9858628808213485,0.8174904998805548,0.17855664626081866,8686.477277432135,7202.941494067564,1573.2697524699238,Solar
13,BOLÍVAR,13001,CARTAGENA DE INDIAS,10.446,-75.467,SANTA CRUZ DEL ISLOTE (CARTAGENA - BOLIVAR),19383.68359375,3.583333253860473,17683.5,PALMA DE ACEITE,173.5878700017929,0.9858628808213485,0.8174904998805548,0.17855664626081866,17433.506253004318,14456.09325463779,3157.506454153187,Solar
13,BOLÍVAR,13001,CARTAGENA DE INDIAS,10.446,-75.467,SANTA CRUZ DEL ISLOTE (CARTAGENA DE INDIAS - BOLÍVAR),19383.68359375,3.583333253860473,15682.42,PALMA DE ACEITE,173.5878700017929,0.9858628808213485,0.8174904998805548,0.17855664626081866,15460.715759450333,12820.229365136809,2800.2003204535877,Solar
18,CAQUETÁ,18150,CARTAGENA DEL CHAIRÁ,0.649,-74.274,REMOLINO DEL CAGUAN (CARTAGENA DEL CHAIRA - CAQUETÁ),14565.908203125,0.8416666388511659,23111.93,PALMA DE ACEITE,799.8934338018298,0.7408286538242042,0.1920152083499229,0.8227895699407435,17121.97998917924,4437.842054318833,19016.254945200566,Biomasa
18,CAQUETÁ,18150,CARTAGENA DEL CHAIRÁ,0.649,-74.274,SANTA FE DEL CAGUAN (CARTAGENA DEL CHAIRA - CAQUETÁ),14565.908203125,0.8416666388511659,5410.93,PALMA DE ACEITE,799.8934338018298,0.7408286538242042,0.1920152083499229,0.8227895699407435,4008.5719878370014,1038.9808513168482,4452.056767679467,Biomasa
18,CAQUETÁ,18753,SAN VICENTE DEL CAGUÁN,1.569,-74.264,GUACAMAYAS (SAN VICENTE DEL CAGUÁN - CAQUETÁ),15415.25,0.8833333253860473,15541.36,PALMA DE ACEITE,799.8934338018298,0.7840265602809086,0.20152091658040078,0.8227895699407435,12184.839022887301,3131.9091121059773,12787.268910694274,Biomasa
18,CAQUETÁ,18753,SAN VICENTE DEL CAGUÁN,1.569,-74.264,GUAYABAL (SAN VICENTE DEL CAGUÁN - CAQUETÁ),15415.25,0.8833333253860473,8908.92,PALMA DE ACEITE,799.8934338018298,0.7840265602809086,0.20152091658040078,0.8227895699407435,6984.829903417792,1795.333724141464,7330.166455436489,Biomasa
18,CAQUETÁ,18753,SAN VICENTE DEL CAGUÁN,1.569,-74.264,PUERTO BETANIA (SAN VICENTE DEL CAGUÁN - CAQUETÁ),15415.25,0.8833333253860473,6483.38,PALMA DE ACEITE,799.8934338018298,0.7840265602809086,0.20152091658040078,0.8227895699407435,5083.142120394037,1306.5366801390387,5334.457441962418,Biomasa
18,CAQUETÁ,18753,SAN VICENTE DEL CAGUÁN,1.569,-74.264,VILLA LOBOS (SAN VICENTE DEL CAGUÁN - CAQUETÁ),15415.25,0.8833333253860471,18465.4,PALMA DE ACEITE,799.8934338018298,0.7840265602809086,0.20152091658040075,0.8227895699407435,14477.36404621109,3721.164333023732,15193.138524783806,Biomasa
19,CAUCA,19318,GUAPI,2.416,-77.694,LIMONES (GUAPI - CAUCA),15018.75,1.083333373069763,11823.94,PALMA DE ACEITE,369.42253479590784,0.7638603916393764,0.2471483052082802,0.37999687919234554,9031.839439120487,2922.266731884393,4493.060299757542,Solar
19,CAUCA,19318,GUAPI,2.416,-77.694,SAN ANTONIO DE GUAJUI (GUAPI - CAUCA),15018.75,1.083333373069763,15574.33,PALMA DE ACEITE,369.42253479590784,0.7638603916393764,0.2471483052082802,0.37999687919234554,11896.613813320888,3849.169264254475,5918.1967955117225,Solar
19,CAUCA,19418,LÓPEZ,3.004,-77.222,BETANIA - NAYA (LÓPEZ (MICAY) - CAUCA),15667.7412109375,0.933333337306976,8551.83,PALMA DE ACEITE,369.42253479590784,0.7968683770281225,0.21292776373737057,0.37999687919234554,6814.682892720409,1820.9220377621577,3249.6687113834764,Solar
19,CAUCA,19418,LÓPEZ,3.004,-77.222,BOCA GRANDE (LÓPEZ (MICAY) - CAUCA),15667.7412109375,0.9333333373069762,4822.6,PALMA DE ACEITE,369.42253479590784,0.7968683770281225,0.21292776373737063,0.37999687919234554,3842.977435055824,1026.8654333998436,1832.5729495930057,Solar
19,CAUCA,19418,LÓPEZ,3.004,-77.222,BOCA GRANDE (LÓPEZ DE MICAY - CAUCA),15667.7412109375,0.933333337306976,4664.67,PALMA DE ACEITE,369.42253479590784,0.7968683770281225,0.21292776373737057,0.37999687919234554,3717.128012271772,993.2377516728004,1772.5600424621584,Solar
19,CAUCA,19418,LÓPEZ,3.004,-77.222,DOS QUEBRADAS RÍO NAYA (LÓPEZ DE MICAY - CAUCA),15667.7412109375,0.9333333373069762,5475.9,PALMA DE ACEITE,369.42253479590784,0.7968683770281225,0.21292776373737063,0.37999687919234554,4363.571545768295,1165.9711414494677,2080.8249107693646,Solar
19,CAUCA,19418,LÓPEZ,3.004,-77.222,ISLA DE GALLO (LOPEZ (MICAY) - CAUCA),15667.7412109375,0.9333333373069762,4620.5,PALMA DE ACEITE,369.42253479590784,0.7968683770281225,0.21292776373737063,0.37999687919234554,3681.93033605844,983.832732348521,1755.7755803082325,Solar
19,CAUCA,19418,LÓPEZ,3.004,-77.222,ISLA DE GALLO (LÓPEZ DE MICAY - CAUCA),15667.7412109375,0.933333337306976,4704.57,PALMA DE ACEITE,369.42253479590784,0.7968683770281225,0.21292776373737057,0.37999687919234554,3748.9230605151943,1001.7335694459214,1787.721917941933,Solar
19,CAUCA,19418,LÓPEZ,3.004,-77.222,LA CONCHA - CONCEPCIÓN NAYA (LOPEZ (MICAY) - CAUCA),15667.7412109375,0.933333337306976,2796.5,PALMA DE ACEITE,369.42253479590784,0.7968683770281225,0.21292776373737057,0.37999687919234554,2228.4424163591448,595.4524912915568,1062.6612726613944,Solar
19,CAUCA,19418,LÓPEZ,3.004,-77.222,NOANAMITO (LOPEZ (MICAY) - CAUCA),15667.7412109375,0.933333337306976,9242.67,PALMA DE ACEITE,369.42253479590784,0.7968683770281225,0.21292776373737057,0.37999687919234554,7365.191442306517,1968.0210540624828,3512.1857554047165,Solar
19,CAUCA,19418,LÓPEZ,3.004,-77.222,NOANAMITO (LÓPEZ DE MICAY - CAUCA),15667.7412109375,0.9333333373069762,8886.65,PALMA DE ACEITE,369.42253479590784,0.7968683770281225,0.21292776373737063,0.37999687919234554,7081.490362716965,1892.2145116167046,3376.8992664746575,Solar
19,CAUCA,19418,LÓPEZ,3.004,-77.222,RIO MAYA - DOS QUEBRADAS (LÓPEZ DE MICAY - CAUCA),15667.7412109375,0.9333333373069762,5001.8,PALMA DE ACEITE,369.42253479590784,0.7968683770281225,0.21292776373737063,0.37999687919234554,3985.7762482192634,1065.0220886615805,1900.668390344274,Solar
19,CAUCA,19418,LÓPEZ,3.004,-77.222,SAN ANTONIO DE CHUARE (LOPEZ (MICAY) - CAUCA),15667.7412109375,0.9333333373069762,10320.25,PALMA DE ACEITE,369.42253479590784,0.7968683770281225,0.21292776373737063,0.37999687919234554,8223.880868024482,2197.467753710599,3921.662792484804,Solar
19,CAUCA,19418,LÓPEZ,3.004,-77.222,SAN ANTONIO DE CHUARE (LÓPEZ DE MICAY - CAUCA),15667.7412109375,0.9333333373069762,8183.05,PALMA DE ACEITE,369.42253479590784,0.7968683770281225,0.21292776373737063,0.37999687919234554,6520.813772639978,1742.3985370510907,3109.5334622749233,Solar
19,CAUCA,19418,LÓPEZ,3.004,-77.222,SAN ISIDRO (LÓPEZ (MICAY) - CAUCA),15667.7412109375,0.9333333373069762,1688.0,PALMA DE ACEITE,369.42253479590784,0.7968683770281225,0.21292776373737063,0.37999687919234554,1345.1138204234708,359.42206518868164,641.4347320766793,Solar
19,CAUCA,19418,LÓPEZ,3.004,-77.222,SAN ISIDRO (LÓPEZ DE MICAY - CAUCA),15667.7412109375,0.933333337306976,1288.0,PALMA DE ACEITE,369.42253479590784,0.7968683770281225,0.21292776373737057,0.37999687919234554,1026.3664696122219,274.2509596937333,489.435980399741,Solar
19,CAUCA,19418,LÓPEZ,3.004,-77.222,ZARAGOZA (LOPEZ (MICAY) - CAUCA),15667.7412109375,0.9333333373069762,7575.5,PALMA DE ACEITE,369.42253479590784,0.7968683770281225,0.21292776373737063,0.37999687919234554,6036.676390176543,1613.0342741924512,2878.6663583216136,Solar
19,CAUCA,19418,LÓPEZ,3.004,-77.222,ZARAGOZA (LÓPEZ DE MICAY - CAUCA),15667.7412109375,0.9333333373069762,12919.1,PALMA DE ACEITE,369.42253479590784,0.7968683770281225,0.21292776373737063,0.37999687919234554,10294.822249664017,2750.835072499465,4909.2176819738315,Solar
19,CAUCA,19809,TIMBIQUÍ,2.702,-77.495,CHACON (TIMBIQUÍ - CAUCA),15190.25,1.1083333492279055,4675.57,PALMA DE ACEITE,369.42253479590784,0.7725829589080341,0.25285172198775613,0.37999687919234554,3612.265705181637,1182.2259257742928,1776.702008445355,Solar
19,CAUCA,19809,TIMBIQUÍ,2.702,-77.495,COMUNIDAD DE CHETE (TIMBIQUÍ - CAUCA),15190.25,1.108333349227906,6723.11,PALMA DE ACEITE,369.42253479590784,0.7725829589080341,0.25285172198775624,0.37999687919234554,5194.160216864193,1699.9499406131038,2554.76081846685,Solar
19,CAUCA,19809,TIMBIQUÍ,2.702,-77.495,COTEJE (TIMBIQUÍ - CAUCA),15190.25,1.1083333492279055,10292.2,PALMA DE ACEITE,369.42253479590784,0.7725829589080341,0.25285172198775613,0.37999687919234554,7951.578329673269,2602.400493042384,3911.003880023459,Solar
19,CAUCA,19809,TIMBIQUÍ,2.702,-77.495,LOS BRAZOS (TIMBIQUÍ - CAUCA),15190.25,1.1083333492279062,8724.97,PALMA DE ACEITE,369.42253479590784,0.7725829589080341,0.2528517219877563,0.37999687919234554,6740.76313898383,2206.123688791514,3315.461371046839,Solar
19,CAUCA,19809,TIMBIQUÍ,2.702,-77.495,PUERTO SAIJA (TIMBIQUÍ - CAUCA),15190.25,1.108333349227906,36929.06,PALMA DE ACEITE,369.42253479590784,0.7725829589080341,0.25285172198775624,0.37999687919234554,28530.762444492324,9337.57641238917,14032.927551506878,Solar
19,CAUCA,19809,TIMBIQUÍ,2.702,-77.495,SAN JOSE (TIMBIQUÍ - CAUCA),15190.25,1.108333349227906,11616.92,PALMA DE ACEITE,369.42253479590784,0.7725829589080341,0.25285172198775624,0.37999687919234554,8975.03442699792,2937.358226194005,4414.393345827143,Solar
19,CAUCA,19809,TIMBIQUÍ,2.702,-77.495,SANTA MARÍA (TIMBIQUÍ - CAUCA),15190.25,1.1083333492279062,18233.34,PALMA DE ACEITE,369.42253479590784,0.7725829589080341,0.2528517219877563,0.37999687919234554,14086.767767976215,4610.331416588237,6928.612297252962,Solar
19,CAUCA,19809,TIMBIQUÍ,2.702,-77.495,SANTA ROSA DE SAIJA (TIMBIQUÍ - CAUCA),15190.25,1.108333349227906,5015.38,PALMA DE ACEITE,369.42253479590784,0.7725829589080341,0.25285172198775624,0.37999687919234554,3874.797120448176,1268.147469422953,1905.828747963706,Solar
27,CHOCÓ,27001,QUIBDÓ,5.941,-76.667,TAGACHI (QUIBDÓ - CHOCÓ),16583.31640625,0.725000023841858,8008.22,PALMA DE ACEITE,972.172549366951,0.8434349439705582,0.1653992497810175,1.0,6754.412587003903,1324.55358008134,8008.22,Biomasa
27,CHOCÓ,27006,ACANDÍ,8.435,-77.292,ACANDÍ (ACANDÍ - CHOCÓ),18501.55078125,2.0583333969116206,783237.83,PALMA DE ACEITE,972.172549366951,0.9409972085360921,0.46958177717612876,1.0,737024.6116498662,367794.2121629746,783237.83,Biomasa
27,CHOCÓ,27006,ACANDÍ,8.435,-77.292,CAPURGANA (ACANDÍ - CHOCÓ),18501.55078125,2.0583333969116206,367583.04,PALMA DE ACEITE,972.172549366951,0.9409972085360921,0.46958177717612876,1.0,345894.6145452107,172610.297183004,367583.04,Biomasa
27,CHOCÓ,27006,ACANDÍ,8.435,-77.292,SAN FRANCISCO (ACANDÍ - CHOCÓ),18501.55078125,2.0583333969116206,23129.58,PALMA DE ACEITE,972.172549366951,0.9409972085360921,0.46958177717612876,1.0,21764.870214612227,10861.229281737445,23129.58,Biomasa
27,CHOCÓ,27025,ALTO BAUDÓ,5.641,-77.088,CIUDAD BAUDO (ALTO BAUDO (PIE DE PATO) - CHOCO),16243.349609375,1.066666722297669,60399.25,PALMA DE ACEITE,972.172549366951,0.8261440795107781,0.24334602735529648,1.0,49898.48279439136,14697.917542739391,60399.25,Biomasa
27,CHOCÓ,27025,ALTO BAUDÓ,5.641,-77.088,CIUDAD BAUDO - PIE DE PATO (ALTO BAUDO - CHOCÓ),16243.349609375,1.066666722297669,61547.75,PALMA DE ACEITE,972.172549366951,0.8261440795107781,0.24334602735529648,1.0,50847.30926970949,14977.400455156949,61547.75,Biomasa
27,CHOCÓ,27025,ALTO BAUDÓ,5.641,-77.088,PLAYITA CATRU (ALTO BAUDO - CHOCÓ),16243.349609375,1.0666667222976691,706.33,PALMA DE ACEITE,972.172549366951,0.8261440795107781,0.2433460273552965,1.0,583.5303476808479,171.8825995018666,706.33,Biomasa
27,CHOCÓ,27075,BAHÍA SOLANO,6.294,-77.358,CIUDAD MUTIS (BAHÍA SOLANO - CHOCÓ),17167.80859375,1.483333349227906,898227.28,PALMA DE ACEITE,972.172549366951,0.873162479967489,0.3384030552680029,1.0,784298.3593792522,303962.85587706795,898227.28,Biomasa
27,CHOCÓ,27075,BAHÍA SOLANO,6.294,-77.358,CUPICA (BAHIA SOLANO (MUTIS) - CHOCO),17167.80859375,1.483333349227909,89240.5,PALMA DE ACEITE,972.172549366951,0.873162479967489,0.33840305526800357,1.0,77921.4562935387,30199.257853644274,89240.5,Biomasa
27,CHOCÓ,27075,BAHÍA SOLANO,6.294,-77.358,CUPICA (BAHÍA SOLANO - CHOCÓ),17167.80859375,1.483333349227906,83264.74,PALMA DE ACEITE,972.172549366951,0.873162479967489,0.3384030552680029,1.0,72703.64687224818,28177.042412095892,83264.74,Biomasa
27,CHOCÓ,27075,BAHÍA SOLANO,6.294,-77.358,EL VALLE (BAHIA SOLANO (MUTIS) - CHOCO),17167.80859375,1.483333349227909,229283.0,PALMA DE ACEITE,972.172549366951,0.873162479967489,0.33840305526800357,1.0,200201.31289438577,77590.06772101366,229283.0,Biomasa
27,CHOCÓ,27075,BAHÍA SOLANO,6.294,-77.358,EL VALLE (BAHÍA SOLANO - CHOCÓ),17167.80859375,1.4833333492279055,223052.89,PALMA DE ACEITE,972.172549366951,0.873162479967489,0.3384030552680028,1.0,194761.41459631553,75481.77946235775,223052.89,Biomasa
27,CHOCÓ,27075,BAHÍA SOLANO,6.294,-77.358,MUTIS (BAHIA SOLANO (MUTIS) - CHOCO),17167.80859375,1.4833333492279104,945042.67,PALMA DE ACEITE,972.172549366951,0.873162479967489,0.3384030552680039,1.0,825175.8014122973,319805.326886632,945042.67,Biomasa
27,CHOCÓ,27077,BAJO BAUDÓ,5.014,-77.221,BELEN DE DOCAMPADO (BAJO BAUDÓ - CHOCÓ),16035.099609375,1.1416666507720892,11350.33,PALMA DE ACEITE,972.172549366951,0.8155523906845509,0.2604562776937226,1.0,9256.788766558579,2956.2647023953905,11350.33,Biomasa
27,CHOCÓ,27077,BAJO BAUDÓ,5.014,-77.221,BUENAVISTA (BAJO BAUDÓ (PIZARRO) - CHOCÓ),16035.099609375,1.1416666507720936,5804.61,PALMA DE ACEITE,972.172549366951,0.8155523906845509,0.2604562776937236,1.0,4733.963562491451,1511.8471140637648,5804.61,Biomasa
27,CHOCÓ,27077,BAJO BAUDÓ,5.014,-77.221,BUENAVISTA (BAJO BAUDO - CHOCÓ),16035.099609375,1.1416666507720918,5105.0,PALMA DE ACEITE,972.172549366951,0.8155523906845509,0.2604562776937232,1.0,4163.394954444632,1329.629297626457,5105.0,Biomasa
27,CHOCÓ,27077,BAJO BAUDÓ,5.014,-77.221,FIRME DE USARGA (BAJO BAUDÓ (PIZARRO) - CHOCÓ),16035.099609375,1.141666650772093,1103.0,PALMA DE ACEITE,972.172549366951,0.8155523906845509,0.2604562776937234,1.0,899.5542869250596,287.28327429617696,1103.0,Biomasa
27,CHOCÓ,27077,BAJO BAUDÓ,5.014,-77.221,FIRME DE USARGA (BAJO BAUDÓ - CHOCÓ),16035.099609375,1.1416666507720907,1357.2,PALMA DE ACEITE,972.172549366951,0.8155523906845509,0.2604562776937229,1.0,1106.8677046370724,353.49126008592077,1357.2,Biomasa
27,CHOCÓ,27077,BAJO BAUDÓ,5.014,-77.221,GUINEAL (BAJO BAUDÓ (PIZARRO) - CHOCÓ),16035.099609375,1.141666650772093,7821.58,PALMA DE ACEITE,972.172549366951,0.8155523906845509,0.2604562776937234,1.0,6378.908267930469,2037.1796124836733,7821.58,Biomasa
27,CHOCÓ,27077,BAJO BAUDÓ,5.014,-77.221,GUINEAL (BAJO BAUDÓ - CHOCÓ),16035.099609375,1.1416666507720907,5992.0,PALMA DE ACEITE,972.172549366951,0.8155523906845509,0.2604562776937229,1.0,4886.789924981829,1560.6540159407878,5992.0,Biomasa
27,CHOCÓ,27077,BAJO BAUDÓ,5.014,-77.221,ORPUA (BAJO BAUDÓ - CHOCÓ),16035.099609375,1.1416666507720934,995.47,PALMA DE ACEITE,972.172549366951,0.8155523906845509,0.26045627769372354,1.0,811.8579383547499,259.276410755771,995.47,Biomasa
27,CHOCÓ,27077,BAJO BAUDÓ,5.014,-77.221,PILIZA (BAJO BAUDÓ (PIZARRO) - CHOCÓ),16035.099609375,1.1416666507720934,9562.12,PALMA DE ACEITE,972.172549366951,0.8155523906845509,0.26045627769372354,1.0,7798.409826012558,2490.5141820607078,9562.12,Biomasa
27,CHOCÓ,27077,BAJO BAUDÓ,5.014,-77.221,PILIZA - BELLAVISTA - VILLA LUZ (BAJO BAUDÓ - CHOCÓ),16035.099609375,1.1416666507720896,4449.75,PALMA DE ACEITE,972.172549366951,0.8155523906845509,0.26045627769372265,1.0,3629.0042504485805,1158.9653216676425,4449.75,Biomasa
27,CHOCÓ,27077,BAJO BAUDÓ,5.014,-77.221,PIZARRO (BAJO BAUDÓ (PIZARRO) - CHOCÓ),16035.099609375,1.1416666507720945,290480.31,PALMA DE ACEITE,972.172549366951,0.8155523906845509,0.2604562776937238,1.0,236901.91126728946,75657.42028591898,290480.31,Biomasa
27,CHOCÓ,27077,BAJO BAUDÓ,5.014,-77.221,PIZARRO (BAJO BAUDÓ - CHOCÓ),16035.099609375,1.1416666507720934,301347.59,PALMA DE ACEITE,972.172549366951,0.8155523906845509,0.26045627769372354,1.0,245764.7474515279,78487.87158337435,301347.59,Biomasa
27,CHOCÓ,27077,BAJO BAUDÓ,5.014,-77.221,SIVIRU (BAJO BAUDÓ - CHOCÓ),16035.099609375,1.1416666507720932,7982.79,PALMA DE ACEITE,972.172549366951,0.8155523906845509,0.2604562776937235,1.0,6510.383468832726,2079.167769010679,7982.79,Biomasa
27,CHOCÓ,27077,BAJO BAUDÓ,5.014,-77.221,TERRON (BAJO BAUDÓ - CHOCÓ),16035.099609375,1.1416666507720934,5689.69,PALMA DE ACEITE,972.172549366951,0.8155523906845509,0.26045627769372354,1.0,4640.240281753982,1481.9154786312017,5689.69,Biomasa
27,CHOCÓ,27077,BAJO BAUDÓ,5.014,-77.221,VIRUDO,16035.099609375,1.1416666507720898,7551.0,PALMA DE ACEITE,972.172549366951,0.8155523906845509,0.2604562776937227,1.0,6158.236102059043,1966.7053528653,7551.0,Biomasa
27,CHOCÓ,27077,BAJO BAUDÓ,5.014,-77.221,VIRUDO (BAJO BAUDÓ - CHOCÓ),16035.099609375,1.1416666507720925,8530.6,PALMA DE ACEITE,972.172549366951,0.8155523906845509,0.2604562776937233,1.0,6957.15122397363,2221.848322494076,8530.6,Biomasa
27,CHOCÓ,27099,BOJAYÁ,6.478,-77.103,BELLAVISTA (BOJAYÁ (BELLAVISTA) - CHOCÓ),16965.275390625,1.0750000476837165,115162.17,PALMA DE ACEITE,972.172549366951,0.8628615500060048,0.24524716628178847,1.0,99369.00850825504,28243.19585536159,115162.17,Biomasa
27,CHOCÓ,27099,BOJAYÁ,6.478,-77.103,BELLAVISTA (BOJAYÁ - CHOCÓ),16965.275390625,1.075000047683721,129984.5,PALMA DE ACEITE,972.172549366951,0.8628615500060048,0.24524716628178947,1.0,112158.62714675553,31878.330285555265,129984.5,Biomasa
27,CHOCÓ,27099,BOJAYÁ,6.478,-77.103,LA LOMA DE BOJAYÁ (BOJAYÁ (BELLAVISTA) - CHOCÓ),16965.275390625,1.0750000476837165,17095.74,PALMA DE ACEITE,972.172549366951,0.8628615500060048,0.24524716628178847,1.0,14751.256714899659,4192.681790490223,17095.74,Biomasa
27,CHOCÓ,27099,BOJAYÁ,6.478,-77.103,LA LOMA DE BOJAYA (BOJAYÁ - CHOCÓ),16965.275390625,1.075000047683721,16062.0,PALMA DE ACEITE,972.172549366951,0.8628615500060048,0.24524716628178947,1.0,13859.28221619645,3939.1599848181027,16062.0,Biomasa
27,CHOCÓ,27099,BOJAYÁ,6.478,-77.103,NAPIPÍ (BOJAYÁ (BELLAVISTA) - CHOCÓ),16965.275390625,1.0750000476837165,12645.69,PALMA DE ACEITE,972.172549366951,0.8628615500060048,0.24524716628178847,1.0,10911.479674295435,3101.31963817795,12645.69,Biomasa
27,CHOCÓ,27099,BOJAYÁ,6.478,-77.103,NAPIPI (BOJAYÁ - CHOCÓ),16965.275390625,1.0750000476837172,14850.38,PALMA DE ACEITE,972.172549366951,0.8628615500060048,0.2452471662817886,1.0,12813.821904978173,3642.0136132077478,14850.38,Biomasa
27,CHOCÓ,27099,BOJAYÁ,6.478,-77.103,PIEDRA CANDELA (BOJAYÁ - CHOCÓ),16965.275390625,1.0750000476837178,10689.82,PALMA DE ACEITE,972.172549366951,0.8628615500060048,0.24524716628178878,1.0,9223.83465448519,2621.6480630623914,10689.82,Biomasa
27,CHOCÓ,27099,BOJAYÁ,6.478,-77.103,POGUE (BOJAYÁ - CHOCÓ),16965.275390625,1.0750000476837198,0.0,PALMA DE ACEITE,972.172549366951,0.8628615500060048,0.24524716628178922,1.0,0.0,0.0,0.0,Solar
27,CHOCÓ,27099,BOJAYÁ,6.478,-77.103,PUERTO CONTO (BOJAYÁ (BELLAVISTA) - CHOCO),16965.275390625,1.075000047683717,12381.1,PALMA DE ACEITE,972.172549366951,0.8628615500060048,0.24524716628178855,1.0,10683.175136779348,3036.429690451452,12381.1,Biomasa
27,CHOCÓ,27099,BOJAYÁ,6.478,-77.103,PUERTO CONTO (BOJAYÁ - CHOCÓ),16965.275390625,1.075000047683721,16599.5,PALMA DE ACEITE,972.172549366951,0.8628615500060048,0.24524716628178947,1.0,14323.070299324678,4070.9803366945644,16599.5,Biomasa
27,CHOCÓ,27250,EL LITORAL DEL SAN JUAN,4.249,-76.966,CUCURRUPÍ (EL LITORAL DEL SAN JUAN - CHOCÓ),16107.7412109375,0.925000011920929,3655.77,PALMA DE ACEITE,972.172549366951,0.8192469752684105,0.21102662481087872,1.0,2994.978514776997,771.4648041848661,3655.77,Biomasa
27,CHOCÓ,27250,EL LITORAL DEL SAN JUAN,4.249,-76.966,PAPAYO (EL LITORAL DEL SAN JUAN - CHOCÓ),16107.7412109375,0.925000011920929,5036.71,PALMA DE ACEITE,972.172549366951,0.8192469752684105,0.21102662481087872,1.0,4126.309432804156,1062.879911451201,5036.71,Biomasa
27,CHOCÓ,27250,EL LITORAL DEL SAN JUAN,4.249,-76.966,SAN BERNARDO BURUJON (EL LITORAL DEL SAN JUAN - CHOCÓ),16107.7412109375,0.925000011920929,5877.0,PALMA DE ACEITE,972.172549366951,0.8192469752684105,0.21102662481087872,1.0,4814.714473652449,1240.2034740135343,5877.0,Biomasa
27,CHOCÓ,27250,EL LITORAL DEL SAN JUAN,4.249,-76.966,SANTA GENOVEVA DE DOCORDO (EL LITORAL DEL SAN JUAN - CHOCÓ),16107.7412109375,0.925000011920929,105751.31,PALMA DE ACEITE,972.172549366951,0.8192469752684105,0.21102662481087872,1.0,86636.44084817202,22316.342018628926,105751.31,Biomasa
27,CHOCÓ,27250,EL LITORAL DEL SAN JUAN,4.249,-76.966,TOGOROMA PLAYA (EL LITORAL DEL SAN JUAN - CHOCO),16107.7412109375,0.925000011920929,1186.22,PALMA DE ACEITE,972.172549366951,0.8192469752684105,0.21102662481087872,1.0,971.8071470028939,250.32400288316057,1186.22,Biomasa
27,CHOCÓ,27361,ISTMINA,4.741,-76.872,PANAMACITO,16456.982421875,0.7666666507720948,2059.0,PALMA DE ACEITE,972.172549366951,0.8370095406059606,0.1749049444134772,1.0,1723.4026441076728,360.12928054734954,2059.0,Biomasa
27,CHOCÓ,27361,ISTMINA,4.741,-76.872,PANAMACITO (ISTMINA - CHOCÓ),16456.982421875,0.7666666507720948,2814.0,PALMA DE ACEITE,972.172549366951,0.8370095406059606,0.1749049444134772,1.0,2355.344847265173,492.1825135795248,2814.0,Biomasa
27,CHOCÓ,27361,ISTMINA,4.741,-76.872,POTEDÓ (ISTMINA - CHOCÓ),16456.982421875,0.7666666507720948,4798.25,PALMA DE ACEITE,972.172549366951,0.8370095406059606,0.1749049444134772,1.0,4016.1810282125502,839.237649531967,4798.25,Biomasa
27,CHOCÓ,27361,ISTMINA,4.741,-76.872,UNION CHOCO (ISTMINA - CHOCÓ),16456.982421875,0.7666666507720948,2475.0,PALMA DE ACEITE,972.172549366951,0.8370095406059606,0.1749049444134772,1.0,2071.5986129997523,432.88973742335605,2475.0,Biomasa
27,CHOCÓ,27372,JURADÓ,7.116,-77.688,JURADO (JURADO - CHOCÓ),18079.7421875,1.5,237768.02,PALMA DE ACEITE,972.172549366951,0.9195438334137465,0.3422053331209866,1.0,218638.11657399632,81365.4844896174,237768.02,Biomasa
27,CHOCÓ,27372,JURADÓ,7.116,-77.688,JURADÓ (JURAÓ - CHOCÓ),18079.7421875,1.5,256385.33,PALMA DE ACEITE,972.172549366951,0.9195438334137465,0.3422053331209866,1.0,235757.5491792484,87736.42725998408,256385.33,Biomasa
27,CHOCÓ,27425,MEDIO ATRATO (Beté),6.037,-76.677,BETÉ (MEDIO ATRATO (BETÉ) - CHOCÓ),16570.158203125,0.725000023841858,23173.14,PALMA DE ACEITE,972.172549366951,0.8427657118312434,0.1653992497810175,1.0,19529.52782746506,3832.8199710704876,23173.14,Biomasa
27,CHOCÓ,27425,MEDIO ATRATO (Beté),6.037,-76.677,BETE (MEDIO ATRATO - CHOCÓ),16570.158203125,0.725000023841858,23520.39,PALMA DE ACEITE,972.172549366951,0.8427657118312434,0.1653992497810175,1.0,19822.17822089846,3890.254860556946,23520.39,Biomasa
27,CHOCÓ,27425,MEDIO ATRATO (Beté),6.037,-76.677,SAN ROQUE (MEDIO ATRATO (BETÉ) - CHOCÓ),16570.158203125,0.725000023841858,3100.6,PALMA DE ACEITE,972.172549366951,0.8427657118312434,0.1653992497810175,1.0,2613.0793661039534,512.8369138710228,3100.6,Biomasa
27,CHOCÓ,27425,MEDIO ATRATO (Beté),6.037,-76.677,SAN ROQUE (MEDIO ATRATO - CHOCÓ),16570.158203125,0.725000023841858,1478.12,PALMA DE ACEITE,972.172549366951,0.8427657118312434,0.1653992497810175,1.0,1245.7088539719973,244.47993908631756,1478.12,Biomasa
27,CHOCÓ,27450,MEDIO SAN JUAN,4.815,-76.808,LA LERMA,16308.6416015625,0.7083333134651182,1244.0,PALMA DE ACEITE,972.172549366951,0.8294648596504873,0.16159695833001533,1.0,1031.8542854052062,201.02661616253909,1244.0,Biomasa
27,CHOCÓ,27450,MEDIO SAN JUAN,4.815,-76.808,MACEDONIA (MEDIO SAN JUAN - CHOCÓ),16308.6416015625,0.7083333134651183,32.6,PALMA DE ACEITE,972.172549366951,0.8294648596504873,0.16159695833001536,1.0,27.040554424605887,5.268060841558501,32.6,Biomasa
27,CHOCÓ,27450,MEDIO SAN JUAN,4.815,-76.808,UNIÓN WAUNAÁN (MEDIO SAN JUAN - CHOCÓ),16308.6416015625,0.7083333134651183,5060.5,PALMA DE ACEITE,972.172549366951,0.8294648596504873,0.16159695833001536,1.0,4197.506922261291,817.7614076290428,5060.5,Biomasa
27,CHOCÓ,27491,NÓVITA,4.856,-76.621,JUNTAS DE TAMANA (NOVITA - CHOCÓ),16649.642578125,0.6833333373069762,2685.2,PALMA DE ACEITE,972.172549366951,0.8468083229551193,0.15589354155053953,1.0,2273.8497087990863,418.6053377715087,2685.2,Biomasa
27,CHOCÓ,27495,NUQUÍ,5.694,-77.297,ARUSI (NIQUÍ - CHOCÓ),0.0,0.0,28871.0,PALMA DE ACEITE,972.172549366951,0.0,0.0,1.0,0.0,0.0,28871.0,Biomasa
27,CHOCÓ,27495,NUQUÍ,5.694,-77.297,ARUSÍ (NUQUÍ - CHOCO),0.0,0.0,17011.69,PALMA DE ACEITE,972.172549366951,0.0,0.0,1.0,0.0,0.0,17011.69,Biomasa
27,CHOCÓ,27495,NUQUÍ,5.694,-77.297,COMUNIDAD DE PUERTO JAGUA (NUQUÍ - CHOCÓ),0.0,0.0,1297.07,PALMA DE ACEITE,972.172549366951,0.0,0.0,1.0,0.0,0.0,1297.07,Biomasa
27,CHOCÓ,27495,NUQUÍ,5.694,-77.297,COMUNIDAD INDIGENA DE PANGUI - (EL YUCAL) (NUQUÍ - CHOCÓ),0.0,0.0,8966.83,PALMA DE ACEITE,972.172549366951,0.0,0.0,1.0,0.0,0.0,8966.83,Biomasa
27,CHOCÓ,27495,NUQUÍ,5.694,-77.297,COMUNIDAD INDÍGENA DE PANGUÍ - EL YUCAL (NUQUÍ - CHOCÓ),0.0,0.0,7509.69,PALMA DE ACEITE,972.172549366951,0.0,0.0,1.0,0.0,0.0,7509.69,Biomasa
27,CHOCÓ,27495,NUQUÍ,5.694,-77.297,JURUBIRA (NUQUÍ - CHOCÓ),0.0,0.0,19866.8,PALMA DE ACEITE,972.172549366951,0.0,0.0,1.0,0.0,0.0,19866.8,Biomasa
27,CHOCÓ,27495,NUQUÍ,5.694,-77.297,NUQUÍ (NUQUÍ - CHOCÓ),0.0,0.0,336302.48,PALMA DE ACEITE,972.172549366951,0.0,0.0,1.0,0.0,0.0,336302.48,Biomasa
27,CHOCÓ,27495,NUQUÍ,5.694,-77.297,PUERTO JAGUA (NUQUÍ - CHOCÓ),0.0,0.0,1269.74,PALMA DE ACEITE,972.172549366951,0.0,0.0,1.0,0.0,0.0,1269.74,Biomasa
27,CHOCÓ,27615,RIOSUCIO,7.392,-77.255,MARCIAL (RIOSUCIO - CHOCÓ),18359.19140625,0.9416666626930238,145.75,PALMA DE ACEITE,972.172549366951,0.9337567465841297,0.21482890266386262,1.0,136.0950458146369,31.311312563257978,145.75,Biomasa
27,CHOCÓ,27615,RIOSUCIO,7.392,-77.255,PEÑAS BLANCAS (RIOSUCIO - CHOCÓ),18359.19140625,0.9416666626930238,53.25,PALMA DE ACEITE,972.172549366951,0.9337567465841297,0.21482890266386262,1.0,49.7225467556049,11.439639066850685,53.25,Biomasa
27,CHOCÓ,27615,RIOSUCIO,7.392,-77.255,SAN JOSE TAMBORAL (RIOSUCIO - CHOCÓ),18359.19140625,0.9416666626930238,770.0,PALMA DE ACEITE,972.172549366951,0.9337567465841297,0.21482890266386262,1.0,718.9926948697798,165.4182550511742,770.0,Biomasa
27,CHOCÓ,27745,SIPÍ,4.597,-76.544,SIPÍ (SIPÍ - CHOCO),16588.474609375,0.6916666626930238,13752.36,PALMA DE ACEITE,972.172549366951,0.843697292505504,0.15779468047703152,1.0,11602.828897560992,2170.0492520051093,13752.36,Biomasa
27,CHOCÓ,27800,UNGUÍA,8.119,-77.107,BALBOA (UNGUÍA - CHOCÓ),18731.93359375,1.725000023841858,29625.93,PALMA DE ACEITE,972.172549366951,0.9527145821779219,0.3935361385283419,1.0,28225.055521582362,11658.87409251096,29625.93,Biomasa
27,CHOCÓ,27800,UNGUÍA,8.119,-77.107,TITUMATE (UNGUÍA - CHOCÓ),18731.93359375,1.725000023841858,19836.14,PALMA DE ACEITE,972.172549366951,0.9527145821779219,0.3935361385283419,1.0,18898.179832122765,7806.237938907584,19836.14,Biomasa
27,CHOCÓ,27800,UNGUÍA,8.119,-77.107,UNGUÍA (UNGUÍA - CHOCÓ),18731.93359375,1.725000023841858,540559.21,PALMA DE ACEITE,972.172549366951,0.9527145821779219,0.3935361385283419,1.0,514998.6418975775,212729.58414933106,540559.21,Biomasa
44,LA GUAJIRA,44847,URIBIA,12.002,-71.752,CABO DE LA VELA (URIBIA - LA GUAJIRA),19661.642578125,4.383333206176759,38517.5,PALMA DE ACEITE,8.733488127589226,1.0,1.0,0.0089834753442444,38517.5,38517.5,346.0210115719337,Solar
44,LA GUAJIRA,44847,URIBIA,12.002,-71.752,NAZARETH (URIBIA - LA GUAJIRA),19661.642578125,4.383333206176759,54114.23,PALMA DE ACEITE,8.733488127589226,1.0,1.0,0.0089834753442444,54114.23,54114.23,486.13385097777063,Solar
47,MAGDALENA,47189,CIÉNAGA,10.892,-74.046,PALMOR (CIÉNAGA - MAGDALENA),18874.8828125,3.166666507720948,123148.03,PALMA DE ACEITE,243.97124671936035,0.9599850438487613,0.7224334447718123,0.2509546755647719,118220.26697943857,88966.25552976248,30904.573915090798,Solar
50,META,50325,MAPIRIPÁN,3.12,-71.943,MAPIRIPAN (MAPIRIPAN - META),15932.0498046875,1.1333333253860476,227000.02,PALMA DE ACEITE,892.6454372406006,0.810311231189456,0.25855513876723196,0.9181965051593609,183940.66568623114,58692.021671264425,208430.625035105,Biomasa
52,NARIÑO,52250,EL CHARCO,2.19,-77.802,ALTERÓN (URIBE URIBE) (EL CHARCO - NARIÑO),14679.7412109375,0.924999952316284,1176.0,PALMA DE ACEITE,57.37079298496246,0.7466182518885667,0.21102661121286045,0.0590129735943692,878.0230642209544,248.1672947863239,69.39925694697818,Solar
52,NARIÑO,52250,EL CHARCO,2.19,-77.802,ALTERON - URIBE URIBE (EL CHARCO - NARIÑO),14679.7412109375,0.924999952316284,555.14,PALMA DE ACEITE,57.37079298496246,0.7466182518885667,0.21102661121286045,0.0590129735943692,414.4776563534189,117.14931294870735,32.76046216117812,Solar
52,NARIÑO,52250,EL CHARCO,2.19,-77.802,BAZAN (EL CHARCO - NARIÑO),14679.7412109375,0.924999952316284,25635.43,PALMA DE ACEITE,57.37079298496246,0.7466182518885667,0.21102661121286045,0.0590129735943692,19139.879933011718,5409.7579198845,1512.8229536703002,Solar
52,NARIÑO,52250,EL CHARCO,2.19,-77.802,BOLIVAR - SAN PEDRO (EL CHARCO - NARIÑO),14679.7412109375,0.924999952316284,5914.46,PALMA DE ACEITE,57.37079298496246,0.7466182518885667,0.21102661121286045,0.0590129735943692,4415.843786064852,1248.1084509540146,349.0298718049529,Solar
52,NARIÑO,52250,EL CHARCO,2.19,-77.802,EL CUIL PUEBLO NUEVO (EL CHARCO - NARIÑO),14679.7412109375,0.924999952316284,8684.96,PALMA DE ACEITE,57.37079298496246,0.7466182518885667,0.21102661121286045,0.0590129735943692,6484.349652922126,1832.7576773192443,512.5253151481527,Solar
52,NARIÑO,52250,EL CHARCO,2.19,-77.802,LAS MERCEDES (EL CHARCO - NARIÑO),14679.7412109375,0.924999952316284,2061.8,PALMA DE ACEITE,57.37079298496246,0.7466182518885667,0.21102661121286045,0.0590129735943692,1539.377511743847,435.09466699867573,121.67294895687043,Solar
52,NARIÑO,52250,EL CHARCO,2.19,-77.802,SAN JOSE (EL CHARCO - NARIÑO),14679.7412109375,0.924999952316284,16341.0,PALMA DE ACEITE,57.37079298496246,0.7466182518885667,0.21102661121286045,0.0590129735943692,12200.488854111069,3448.3858538293525,964.3310015055871,Solar
52,NARIÑO,52250,EL CHARCO,2.19,-77.802,SAN JOSÉ DEL TAPAJE (EL CHARCO - NARIÑO),14679.7412109375,0.924999952316284,16572.08,PALMA DE ACEITE,57.37079298496246,0.7466182518885667,0.21102661121286045,0.0590129735943692,12373.01739975748,3497.149883148421,977.9677194437741,Solar
52,NARIÑO,52390,LA TOLA,2.421,-78.213,AGUACATAL (LA TOLA - NARIÑO),14197.341796875,1.1333333253860476,2452.31,PALMA DE ACEITE,57.37079298496246,0.7220832003461689,0.25855513876723196,0.0590129735943692,1770.7718530409134,634.0573523502705,144.71810527520753,Solar
52,NARIÑO,52390,LA TOLA,2.421,-78.213,AMARALES (LA TOLA - NARIÑO),14197.341796875,1.1333333253860476,10865.75,PALMA DE ACEITE,57.37079298496246,0.7220832003461689,0.25855513876723196,0.0590129735943692,7845.9755341613845,2809.3954990600505,641.2202178330172,Solar
52,NARIÑO,52390,LA TOLA,2.421,-78.213,LA VIGIA (LA TOLA - NARIÑO),14197.341796875,1.133333325386049,8510.25,PALMA DE ACEITE,57.37079298496246,0.7220832003461689,0.25855513876723224,0.0590129735943692,6145.108555745984,2200.368869693838,502.2151585314805,Solar
52,NARIÑO,52390,LA TOLA,2.421,-78.213,LA VIGIA DE LA MAR (LA TOLA - NARIÑO),14197.341796875,1.1333333253860476,8505.96,PALMA DE ACEITE,57.37079298496246,0.7220832003461689,0.25855513876723196,0.0590129735943692,6142.010818816499,2199.2596681485243,501.9619928747606,Solar
52,NARIÑO,52390,LA TOLA,2.421,-78.213,MULATOS (LA TOLA - NARIÑO),14197.341796875,1.1333333253860476,6524.81,PALMA DE ACEITE,57.37079298496246,0.7220832003461689,0.25855513876723196,0.0590129735943692,4711.455686450687,1687.023154979823,385.04844023827616,Solar
52,NARIÑO,52390,LA TOLA,2.421,-78.213,SAN PABLO DE LA MAR (LA TOLA - NARIÑO),14197.341796875,1.133333325386049,4143.25,PALMA DE ACEITE,57.37079298496246,0.7220832003461689,0.25855513876723224,0.0590129735943692,2991.7712198342642,1071.258578697335,244.5055028448702,Solar
52,NARIÑO,52390,LA TOLA,2.421,-78.213,SAN PABLO DEL MAR (LA TOLA - NARIÑO),14197.341796875,1.1333333253860476,5991.23,PALMA DE ACEITE,57.37079298496246,0.7220832003461689,0.25855513876723196,0.0590129735943692,4326.166532409978,1549.063304036403,353.5602977877926,Solar
52,NARIÑO,52427,MAGÜÍ (Payán),1.909,-78.048,ALTO ESTERO (MAGÜI - NARIÑO),14471.9912109375,0.8916666507720948,788.12,PALMA DE ACEITE,57.37079298496246,0.7360519932876125,0.20342205550689277,0.0590129735943692,580.0972969498332,160.32099038609232,46.50930474919426,Solar
52,NARIÑO,52427,MAGÜÍ (Payán),1.909,-78.048,BRISAS DE HAMBURGO (MAGÜÍ - NARIÑO),14471.9912109375,0.8916666507720948,1547.0,PALMA DE ACEITE,57.37079298496246,0.7360519932876125,0.20342205550689277,0.0590129735943692,1138.6724336159366,314.6939198691631,91.29307015048916,Solar
52,NARIÑO,52427,MAGÜÍ (Payán),1.909,-78.048,EL ROSARIO,14471.9912109375,0.8916666507720948,202.5,PALMA DE ACEITE,57.37079298496246,0.7360519932876125,0.20342205550689277,0.0590129735943692,149.05052864074153,41.192966240145786,11.950127152859764,Solar
52,NARIÑO,52427,MAGÜÍ (Payán),1.909,-78.048,EL ROSARIO (MAGÜI - NARIÑO),14471.9912109375,0.8916666507720948,0.0,PALMA DE ACEITE,57.37079298496246,0.7360519932876125,0.20342205550689277,0.0590129735943692,0.0,0.0,0.0,Solar
52,NARIÑO,52427,MAGÜÍ (Payán),1.909,-78.048,GUILPI,14471.9912109375,0.8916666507720948,853.0,PALMA DE ACEITE,57.37079298496246,0.7360519932876125,0.20342205550689277,0.0590129735943692,627.8523502743335,173.51901334737954,50.33806647599693,Solar
52,NARIÑO,52427,MAGÜÍ (Payán),1.909,-78.048,LA ISLA (MAGÜÍ - NARIÑO),14471.9912109375,0.891666650772095,326.6,PALMA DE ACEITE,57.37079298496246,0.7360519932876125,0.2034220555068928,0.0590129735943692,240.39458100773427,66.43764332855119,19.27363717592098,Solar
52,NARIÑO,52427,MAGÜÍ (Payán),1.909,-78.048,LA LOMA (MAGÜÍ - NARIÑO),14471.9912109375,0.891666650772095,767.7,PALMA DE ACEITE,57.37079298496246,0.7360519932876125,0.2034220555068928,0.0590129735943692,565.0671152469001,156.1671120126416,45.30425982839724,Solar
52,NARIÑO,52427,MAGÜÍ (Payán),1.909,-78.048,LAS LAJAS (MAGÜÍ - NARIÑO),14471.9912109375,0.891666650772095,1395.6,PALMA DE ACEITE,57.37079298496246,0.7360519932876125,0.2034220555068928,0.0590129735943692,1027.234161832192,283.8958206654196,82.35850594830166,Solar
52,NARIÑO,52473,MOSQUERA,2.445,-78.442,EL BAJITO DE ECHANDÍA (MOSQUERA - NARIÑO),13841.783203125,1.4833333492279064,3433.53,PALMA DE ACEITE,57.37079298496246,0.7039993300725029,0.33840305526800296,0.0590129735943692,2417.2028197838413,1161.9170423543462,202.6228152254745,Solar
52,NARIÑO,52490,OLAYA HERRERA,2.293,-78.298,BOCA DE PRIETA (OLAYA HERRERA - NARIÑO),14279.4169921875,1.0583333969116209,3644.94,PALMA DE ACEITE,57.37079298496246,0.7262575817584226,0.24144488842880438,0.0590129735943692,2647.165310054545,880.0521316296862,215.09874797306009,Solar
52,NARIÑO,52490,OLAYA HERRERA,2.293,-78.298,BOCAS DE PRIETA (OLAYA HERRERA - NARIÑO),14279.4169921875,1.0583333969116206,3094.2,PALMA DE ACEITE,57.37079298496246,0.7262575817584226,0.24144488842880432,0.0590129735943692,2247.1862094769112,747.0787737764063,182.59794289569717,Solar
52,NARIÑO,52490,OLAYA HERRERA,2.293,-78.298,SAN JOSÉ CALABAZAL (OLAYA HERRERA - NARIÑO),14279.4169921875,1.0583333969116209,8066.79,PALMA DE ACEITE,57.37079298496246,0.7262575817584226,0.24144488842880438,0.0590129735943692,5858.567397953026,1947.685211528595,476.04526526132156,Solar
52,NARIÑO,52520,FRANCISCO PIZARRO,2.091,-78.594,SAN PEDRO DEL VINO ( FRANCISCO PIZARRO - NARIÑO),13543.9580078125,1.5666667222976696,5531.0,PALMA DE ACEITE,57.37079298496246,0.6888518064549263,0.35741447172895885,0.0590129735943692,3810.039341502197,1976.8594431328713,326.40075695045607,Solar
52,NARIÑO,52520,FRANCISCO PIZARRO,2.091,-78.594,SAN PEDRO DEL VINO (FRANCISCO PIZARRO - NARIÑO),13543.9580078125,1.566666722297669,6245.9,PALMA DE ACEITE,57.37079298496246,0.6888518064549263,0.3574144717289587,0.0590129735943692,4302.499497936824,2232.3750489719027,368.58913177307056,Solar
52,NARIÑO,52621,ROBERTO PAYÁN (San José),1.9,-78.385,TAMAJE (ROBERTO PAYAN - NARIÑO),13893.6083984375,1.375,5052.5,PALMA DE ACEITE,57.37079298496246,0.7066351828557368,0.3136882220275711,0.0590129735943692,3570.27426137861,1584.9097417943028,298.1630490855504,Solar
52,NARIÑO,52696,SANTA BÁRBARA (Iscuandé),2.299,-77.873,LA ENSENADA (SANTA BÁRBARA (ISCUANDÉ) - NARIÑO),14712.0830078125,1.0083333253860476,6761.57,PALMA DE ACEITE,57.37079298496246,0.7482631702490999,0.2300380276738164,0.0590129735943692,5059.4338040612065,1555.4182267784468,399.02035186647896,Solar
52,NARIÑO,52696,SANTA BÁRBARA (Iscuandé),2.299,-77.873,LA ENSENADA (SANTA BÁRBARA - NARIÑO),14712.0830078125,1.0083333253860478,6793.47,PALMA DE ACEITE,57.37079298496246,0.7482631702490999,0.23003802767381645,0.0590129735943692,5083.303399192153,1562.756439861242,400.90286572413936,Solar
52,NARIÑO,52696,SANTA BÁRBARA (Iscuandé),2.299,-77.873,SANTA RITA (SANTA BARBARA (ISCUANDÉ) - NARIÑO),14712.0830078125,1.008333325386048,8116.9,PALMA DE ACEITE,57.37079298496246,0.7482631702490999,0.2300380276738165,0.0590129735943692,6073.577326594919,1867.1956668256012,479.0024053681354,Solar
52,NARIÑO,52696,SANTA BÁRBARA (Iscuandé),2.299,-77.873,SECADERO (SANTA BÁRBARA (ISCUANDÉ) - NARIÑO),14712.0830078125,1.0083333253860476,4628.4,PALMA DE ACEITE,57.37079298496246,0.7482631702490999,0.2300380276738164,0.0590129735943692,3463.261257180934,1064.7080072854917,273.1356469841784,Solar
52,NARIÑO,52696,SANTA BÁRBARA (Iscuandé),2.299,-77.873,SECADERO (SANTA BÁRBARA - NARIÑO),14712.0830078125,1.0083333253860491,4576.0,PALMA DE ACEITE,57.37079298496246,0.7482631702490999,0.23003802767381676,0.0590129735943692,3424.052267059881,1052.6540146353855,270.0433671678335,Solar
52,NARIÑO,52835,TUMACO,1.638,-78.617,BOCAS DE CURAY (SAN ANDRÉS DE TUMACO - NARIÑO),13513.8662109375,1.5166666507720934,8651.93,PALMA DE ACEITE,57.37079298496246,0.6873213241081217,0.3460076109739702,0.0590129735943692,5946.655983690782,2993.633629614022,510.5761166303308,Solar
52,NARIÑO,52835,TUMACO,1.638,-78.617,BOCAS DE CURAY (TUMACO - NARIÑO),13513.8662109375,1.5166666507720945,10962.19,PALMA DE ACEITE,57.37079298496246,0.6873213241081217,0.3460076109739704,0.0590129735943692,7534.546945924812,3793.0011729427492,646.9114290064582,Solar
52,NARIÑO,52835,TUMACO,1.638,-78.617,CHAJAL (TUMACO - NARIÑO),13513.8662109375,1.5166666507720934,24012.62,PALMA DE ACEITE,57.37079298496246,0.6873213241081217,0.3460076109739702,0.0590129735943692,16504.385773705166,8308.549279425775,1417.0561099916217,Solar
52,NARIÑO,52835,TUMACO,1.638,-78.617,PITAL DE LA COSTA (TUMACO - NARIÑO),13513.8662109375,1.5166666507720938,28038.79,PALMA DE ACEITE,57.37079298496246,0.6873213241081217,0.3460076109739703,0.0590129735943692,19271.658269189564,9701.63474250085,1654.6523738880633,Solar
52,NARIÑO,52835,TUMACO,1.638,-78.617,PUEBLO NUEVO (TABLÓN SALADO) (TUMACO - NARIÑO),13513.8662109375,1.5166666507720936,4534.18,PALMA DE ACEITE,57.37079298496246,0.6873213241081217,0.34600761097397026,0.0590129735943692,3116.4386013445637,1568.8607895259565,267.575444612117,Solar
52,NARIÑO,52835,TUMACO,1.638,-78.617,SAN JOSÉ DEL GUAYABO (TUMACO - NARIÑO),13513.8662109375,1.5166666507720905,2944.0,PALMA DE ACEITE,57.37079298496246,0.6873213241081217,0.34600761097396954,0.0590129735943692,2023.4739781743103,1018.6464067073663,173.73419426182292,Solar
52,NARIÑO,52835,TUMACO,1.638,-78.617,SAN JUAN COSTA (TUMACO - NARIÑO),13513.8662109375,1.516666650772091,30348.0,PALMA DE ACEITE,57.37079298496246,0.6873213241081217,0.34600761097396965,0.0590129735943692,20858.82754403328,10500.63897783803,1790.9257226419165,Solar
52,NARIÑO,52835,TUMACO,1.638,-78.617,SAN JUAN DE LA COSTA (SAN ANDRÉS DE TUMACO - NARIÑO),13513.8662109375,1.516666650772094,32434.11,PALMA DE ACEITE,57.37079298496246,0.6873213241081217,0.3460076109739703,0.0590129735943692,22292.655431468473,11222.44891516696,1914.0332769868662,Solar
52,NARIÑO,52835,TUMACO,1.638,-78.617,SANTA ROSA (TUMACO - NARIÑO),13513.8662109375,1.5166666507720932,3845.75,PALMA DE ACEITE,57.37079298496246,0.6873213241081217,0.34600761097397015,0.0590129735943692,2643.265982188809,1330.6587699031456,226.94914320054536,Solar
52,NARIÑO,52835,TUMACO,1.638,-78.617,TABLÓN DULCE LA PAMPA (TUMACO - NARIÑO),13513.8662109375,1.5166666507720932,3702.8,PALMA DE ACEITE,57.37079298496246,0.6873213241081217,0.34600761097397015,0.0590129735943692,2545.0133989075534,1281.1969819144167,218.5132386252303,Solar
76,VALLE DEL CAUCA,76109,BUENAVENTURA,3.613,-77.089,GALVEZ (BUENAVENTURA - VALLE DEL CAUCA),15811.275390625,1.3999999761581396,4145.0,CAFE,103.62793064117432,0.804168590075795,0.31939163880704635,0.10659417477756769,3333.2788058641704,1323.8783428552072,441.83285445301806,Solar
76,VALLE DEL CAUCA,76109,BUENAVENTURA,3.613,-77.089,HUMANES MAR (BUENAVENTURA - VALLE DEL CAUCA),15811.275390625,1.3999999761581414,6555.0,CAFE,103.62793064117432,0.804168590075795,0.31939163880704674,0.10659417477756769,5271.325107946836,2093.6121923801916,698.7248156669563,Solar
76,VALLE DEL CAUCA,76109,BUENAVENTURA,3.613,-77.089,PAPAYAL 1 (BUENAVENTURA - VALLE DEL CAUCA),15811.275390625,1.3999999761581416,9503.73,CAFE,103.62793064117432,0.804168590075795,0.3193916388070468,0.10659417477756769,7642.6011545610345,3035.4118994796945,1013.0422566588134,Solar
76,VALLE DEL CAUCA,76109,BUENAVENTURA,3.613,-77.089,PITAL (BUENAVENTURA - VALLE DEL CAUCA),15811.275390625,1.3999999761581414,2958.38,CAFE,103.62793064117432,0.804168590075795,0.31939163880704674,0.10659417477756769,2379.0362735084304,944.881836413991,315.3460747784607,Solar
76,VALLE DEL CAUCA,76109,BUENAVENTURA,3.613,-77.089,PUERTO MERIZALDE (BUENAVENTURA - VALLE DEL CAUCA),15811.275390625,1.399999976158142,104897.38,CAFE,103.62793064117432,0.804168590075795,0.3193916388070469,0.10659417477756769,84355.1781772449,33503.34610476555,11181.449657428933,Solar
76,VALLE DEL CAUCA,76109,BUENAVENTURA,3.613,-77.089,PUNTA BONITA,15811.275390625,1.399999976158141,7646.75,CAFE,103.62793064117432,0.804168590075795,0.31939163880704663,0.10659417477756769,6149.276166162085,2442.3080140477837,815.0990059803657,Solar
76,VALLE DEL CAUCA,76109,BUENAVENTURA,3.613,-77.089,PUNTA BONITA (BUENAVENTURA - VALLE DEL CAUCA),15811.275390625,1.3999999761581412,8764.0,CAFE,103.62793064117432,0.804168590075795,0.3193916388070467,0.10659417477756769,7047.733523424267,2799.148322504957,934.1913477506032,Solar
76,VALLE DEL CAUCA,76109,BUENAVENTURA,3.613,-77.089,PUNTA SOLDADO (BUENAVENTURA - VALLE DEL CAUCA),15811.275390625,1.399999976158141,5544.0,CAFE,103.62793064117432,0.804168590075795,0.31939163880704663,0.10659417477756769,4458.310663380207,1770.7072455462664,590.9581049668353,Solar
76,VALLE DEL CAUCA,76109,BUENAVENTURA,3.613,-77.089,SAN FRANCISCO DE NAYA (BUENAVENTURA - VALLE DEL CAUCA),15811.275390625,1.399999976158141,8748.5,CAFE,103.62793064117432,0.804168590075795,0.31939163880704663,0.10659417477756769,7035.268910278092,2794.1977521034473,932.5391380415509,Solar
76,VALLE DEL CAUCA,76109,BUENAVENTURA,3.613,-77.089,SAN FRANCISCO NAYA (BUENAVENTURA - VALLE DEL CAUCA),15811.275390625,1.399999976158142,9263.39,CAFE,103.62793064117432,0.804168590075795,0.3193916388070469,0.10659417477756769,7449.327275622218,2958.64931300881,987.4234126927727,Solar
76,VALLE DEL CAUCA,76109,BUENAVENTURA,3.613,-77.089,SAN ISIDRO - CALIMA (BUENAVENTURA - VALLE DEL CAUCA),15811.275390625,1.3999999761581414,3524.88,CAFE,103.62793064117432,0.804168590075795,0.31939163880704674,0.10659417477756769,2834.5977797863684,1125.8171997981829,375.7316747899528,Solar
85,CASANARE,85430,TRINIDAD,5.37,-71.199,BOCAS DEL PAUTO (TRINIDAD - CASANARE),16339.7587890625,1.4500000476837165,18879.9,PALMA DE ACEITE,297.06593132019043,0.8310474938264651,0.3307984995620351,0.3055691415208449,15690.093578694281,6245.442591881267,5769.1148349994,Solar
86,PUTUMAYO,86573,PUERTO LEGUÍZAMO,0.062,-75.068,PIÑUÑA NEGRO (PUERTO LEGUÍZAMO - PUTUMAYO),14172.4912109375,0.8583333492279052,5507.02,PALMA DE ACEITE,65.44999885559082,0.7208192883490528,0.19581749980092494,0.06732343851738033,3969.566237324001,1078.3708877536897,370.75152238398385,Solar
86,PUTUMAYO,86573,PUERTO LEGUÍZAMO,0.062,-75.068,PUERTO LEGUÍZAMO (PUERTO LEGUÍZAMO - PUTUMAYO),14172.4912109375,0.858333349227905,1177804.4,PALMA DE ACEITE,65.44999885559082,0.7208192883490528,0.19581749980092492,0.06732343851738033,848984.1294223832,230634.71286252848,79293.84210890002,Solar
91,AMAZONAS,91001,LETICIA,-3.527,-70.048,LETICIA (LETICIA - AMAZONAS),13229.591796875,1.0833333730697614,4927862.74,BANANO,847.1099853515625,0.6728629993301718,0.24714830520827985,0.8713576472645465,3315776.5035237987,1217912.9244900302,4293930.883169021,Biomasa
91,AMAZONAS,91540,PUERTO NARIÑO,-3.629,-70.475,PUERTO NARIÑO (PUERTO NARIÑO - AMAZONAS),13312.9248046875,1.041666626930239,149432.34,BANANO,847.1099853515625,0.677101353652878,0.2376425833797846,0.8713576472645465,101180.83969351712,35511.48731808632,130209.01220763577,Biomasa
91,AMAZONAS,91798,TARAPACÁ,-2.449,-70.01,TARAPACA (TARAPACA (ANM) - AMAZONAS),13408.091796875,1.0916666984558103,35667.43,BANANO,847.1099853515625,0.6819415897526523,0.24904944413477215,0.8713576472645465,24323.103916591444,8882.953615215896,31079.0878887729,Biomasa
91,AMAZONAS,91798,TARAPACÁ,-2.449,-70.01,TARAPACA (TARAPACA - AMAZONAS),13408.091796875,1.09166669845581,33048.25,BANANO,847.1099853515625,0.6819415897526523,0.2490494441347721,0.8713576472645465,22536.976143543092,8230.648292126982,28796.845366210546,Biomasa
94,GUAINÍA,94001,INÍRIDA,3.322,-68.46,CHORRO BOCON (INÍRIDA - GUAINÍA),15622.3583984375,1.0583332777023304,6058.43,CAÑA PANELERA,33.65999984741211,0.794560186737323,0.24144486123276773,0.03462348311452578,4813.7872721349995,1462.776790638437,209.76394880553644,Solar
94,GUAINÍA,94001,INÍRIDA,3.322,-68.46,INÍRIDA (INÍRIDA - GUAINÍA),15622.3583984375,1.058333277702331,2497007.84,CAÑA PANELERA,33.65999984741211,0.794560186737323,0.2414448612327679,0.03462348311452578,1984023.0156349593,602889.7114259335,86455.10878507848,Solar
94,GUAINÍA,94001,INÍRIDA,3.322,-68.46,LAGUNA COLORADA ALTA (INÍRIDA - GUAINÍA),15622.3583984375,1.05833327770233,9138.75,CAÑA PANELERA,33.65999984741211,0.794560186737323,0.24144486123276765,0.03462348311452578,7261.286906545711,2206.5042255909552,316.41535631287246,Solar
94,GUAINÍA,94343,BARRANCO MINAS,3.316,-69.402,BARRANCO MINAS (BARRANCO MINAS - GUAINÍA),15808.6337890625,1.1416666507720892,101878.88,CAÑA PANELERA,33.65999984741211,0.8040342370301629,0.2604562776937226,0.03462348311452578,81914.10755028752,26534.99386040544,3527.4016814067986,Solar
94,GUAINÍA,94343,BARRANCO MINAS,3.316,-69.402,BARRANCOMINAS (BARRANCO MINAS - GUAINÍA),15808.6337890625,1.14166665077209,86010.0,CAÑA PANELERA,33.65999984741211,0.8040342370301629,0.26045627769372276,0.03462348311452578,69154.9847269643,22401.844444437094,2977.9657826803623,Solar
94,GUAINÍA,94343,BARRANCO MINAS,3.316,-69.402,BARRANCOMINAS (BARRANCOMINAS - GUAINÍA),15808.6337890625,1.1416666507720916,71494.81,CAÑA PANELERA,33.65999984741211,0.8040342370301629,0.26045627769372315,0.03462348311452578,57484.275009966455,18621.272087019974,2475.399346811229,Solar
95,GUAVIARE,95200,MIRAFLORES,1.366,-72.021,MIRAFLORES (MIRAFLORES - GUAVIARE),14879.5166015625,0.9583333134651184,113791.88,CAFE,0.0,0.7567789182637792,0.2186311805168465,0.0,86115.29585360177,24878.453057631334,0.0,Solar
97,VAUPÉS,97001,MITÚ,1.018,-70.421,MITÚ (MITÚ - VAUPÉS),14404.2666015625,1.0,1741992.17,BANANO,93.5,0.7326074891417408,0.2281368887473244,0.09617634242078152,1276196.5097682725,397412.67388600024,167538.43543624025,Solar
97,VAUPÉS,97161,CARURÚ,1.055,-71.334,CARURÚ (CARURÚ - VAUPÉS),14620.93359375,0.975000023841858,29370.15,BANANO,93.5,0.7436272699828673,0.2224334719678486,0.09617634242078152,21840.44446348731,6532.904436716509,2824.7136033497163,Solar
97,VAUPÉS,97666,TARAIRA,-0.717,-69.911,TARAIRA (TARAIRA - VAUPÉS),13655.2587890625,1.0249999761581414,40970.54,BANANO,93.5,0.6945126143354352,0.23384030552680007,0.09617634242078152,28454.55684613452,9580.563591197984,3940.396684204326,Solar
99,VICHADA,99001,PUERTO CARREÑO,5.839,-68.145,CASUARITO (PUERTO CARREÑO - VICHADA),16512.42578125,1.558333277702331,37979.84,PALMA DE ACEITE,79.73181358973186,0.8398294148435629,0.3555133056064301,0.08201405567525104,31896.58680305214,13502.338464803315,3114.880712297126,Solar
99,VICHADA,99001,PUERTO CARREÑO,5.839,-68.145,PUERTO CARREÑO (PUERTO CARREÑO - VICHADA),16512.42578125,1.558333277702331,3199756.19,PALMA DE ACEITE,79.73181358973186,0.8398294148435629,0.3555133056064301,0.08201405567525104,2687249.368689768,1137555.9002415363,262424.98231388914,Solar
99,VICHADA,99524,LA PRIMAVERA,5.525,-69.614,LA PRIMAVERA (LA PRIMAVERA - VICHADA),16338.2666015625,1.524999976158142,492704.18,PALMA DE ACEITE,79.73181358973186,0.8309716004979159,0.34790874990046244,0.08201405567525104,409423.1810266132,171416.09533453244,40408.66804994891,Solar
99,VICHADA,99624,SANTA ROSALÍA,4.983,-70.655,SANTA ROSALÍA (SANTA ROSALÍA - VICHADA),16494.68359375,1.483333349227906,201572.91,PALMA DE ACEITE,79.73181358973186,0.8389270391936393,0.3384030552680029,0.08201405567525104,169104.96456794592,68212.88860326218,16531.811863362367,Solar
99,VICHADA,99773,CUMARIBO,4.265,-69.525,CUMARIBO (CUMARIBO - VICHADA),15888.7412109375,1.291666626930237,431583.83,PALMA DE ACEITE,79.73181358973186,0.8081085365988127,0.29467680556661524,0.08201405567525104,348766.57728101074,127177.74435860514,35395.94026215808,Solar
